{
  "project_info": {
    "project_number": "25781327166",
    "firebase_url": "https://database-a503e.firebaseio.com",
    "project_id": "database-a503e",
    "storage_bucket": "database-a503e.appspot.com"
  },
  "client": [
    {
      "client_info": {
        "mobilesdk_app_id": "1:25781327166:android:8211aef7fd3eccc712486f",
        "android_client_info": {
          "package_name": "com.example.student.shorniverse"
        }
      },
      "oauth_client": [
        {
          "client_id": "25781327166-pvrgndljs6bddg62g9fitijvpo5vq8ea.apps.googleusercontent.com",
          "client_type": 1,
          "android_info": {
            "package_name": "com.example.student.shorniverse",
            "certificate_hash": "4e0bd8cbf2a3a17d2579494eb7a184cf5336539e"
          }
        },
        {
          "client_id": "25781327166-m8sghi9b82579reoi812tallmmgrbfmf.apps.googleusercontent.com",
          "client_type": 3
        }
      ],
      "api_key": [
        {
          "current_key": "AIzaSyBOhtUW-XU6F8Rx0tb7hFxIDytHPxRSWcY"
        }
      ],
      "services": {
        "appinvite_service": {
          "other_platform_oauth_client": [
            {
              "client_id": "25781327166-m8sghi9b82579reoi812tallmmgrbfmf.apps.googleusercontent.com",
              "client_type": 3
            }
          ]
        }
      }
    },
    {
      "client_info": {
        "mobilesdk_app_id": "1:25781327166:android:73e132ce339627a412486f",
        "android_client_info": {
          "package_name": "com.example.udayanga.shorniverse"
        }
      },
      "oauth_client": [
        {
          "client_id": "25781327166-6ms694q59sa288b7dmisg4064jannm2f.apps.googleusercontent.com",
          "client_type": 1,
          "android_info": {
            "package_name": "com.example.udayanga.shorniverse",
            "certificate_hash": "4e0bd8cbf2a3a17d2579494eb7a184cf5336539e"
          }
        },
        {
          "client_id": "25781327166-m8sghi9b82579reoi812tallmmgrbfmf.apps.googleusercontent.com",
          "client_type": 3
        }
      ],
      "api_key": [
        {
          "current_key": "AIzaSyBOhtUW-XU6F8Rx0tb7hFxIDytHPxRSWcY"
        }
      ],
      "services": {
        "appinvite_service": {
          "other_platform_oauth_client": [
            {
              "client_id": "25781327166-m8sghi9b82579reoi812tallmmgrbfmf.apps.googleusercontent.com",
              "client_type": 3
            }
          ]
        }
      }
    }
  ],
  "configuration_version": "1"
}